<?xml version="1.0" encoding="UTF-8"?>
<project-private xmlns="http://www.netbeans.org/ns/project-private/1">
    <editor-bookmarks xmlns="http://www.netbeans.org/ns/editor-bookmarks/2" lastBookmarkId="0"/>
    <open-files xmlns="http://www.netbeans.org/ns/projectui-open-files/2">
        <group>
            <file>file:/C:/Users/User/OneDrive/Dokumen/NetBeansProjects/Projek%20akhirku/src/projek/akhirku/InputData.java</file>
            <file>file:/C:/Users/User/OneDrive/Dokumen/NetBeansProjects/Projek%20akhirku/src/projek/akhirku/Jframe2Tabel.java</file>
            <file>file:/C:/Users/User/OneDrive/Dokumen/NetBeansProjects/Projek%20akhirku/src/projek/akhirku/Main.java</file>
            <file>file:/C:/Users/User/OneDrive/Dokumen/NetBeansProjects/Projek%20akhirku/src/projek/akhirku/Jframe.java</file>
            <file>file:/C:/Users/User/OneDrive/Dokumen/NetBeansProjects/Projek%20akhirku/src/projek/akhirku/hitungData.java</file>
        </group>
    </open-files>
</project-private>
